Model,Test_RMSE,Test_MAE,Test_R2,Test_MAPE,Std_Residual,95%_CI
Stacking (Linear),0.27206360039593863,0.2009890539512162,0.9978182614416352,0.04071499125208774,0.2694888565345781,0.5281981588077731
Stacking (Ridge),0.2725496157590149,0.20119778448622327,0.9978104595484746,0.04075646887629746,0.2700158948886235,0.5292311539817021
Voting Ensemble,0.4190071253524248,0.293857268835373,0.9948250680687248,0.059561651587101014,0.41898004218035895,0.8212008826735036
